business_name,address,phone_google,phone_website,email,website,rating,user_ratings_total,https,has_viewport,html_length,lead_score
Kingsmen Landscaping,"622 W Atlantic Ave, Audubon, NJ 08106, USA",(856) 535-5214,,,http://www.kingsmenlandscaping.com/,4.7,59,False,False,226,15
Mike's Lawn & Landscaping,"18 Crozerville Rd, Aston Township, PA 19014, USA",(610) 608-3938,,,http://mikeslawnlandscaping.com/,4.9,62,False,False,146,15
Estrada Landscaping & Services LLC,"8 Tavernier Dr, New Castle, DE 19720, USA",(302) 983-5282,,,http://www.estradalservices.com/,4.6,68,False,False,125,15
Rossland Landscaping,"3603 Downing Dr, Wilmington, DE 19802, USA",(302) 252-7419,,,http://rosslandus.com/,4.9,29,False,False,226,15
Cleaning MD's,"811 W Atlantic Ave, Laurel Springs, NJ 08021, USA",(856) 200-7074,,,http://www.cleaningmds.com/,4.7,1090,False,False,125,15
JHL Landscaping,"701 S Franklin St, West Chester, PA 19382, USA",(610) 356-4104,,,http://jhllandscaping.com/,4.7,64,False,False,146,15
Maid Beyond Cleaning,"53 Haines Mill Rd, Delran, NJ 08075, USA",(856) 417-2355,,,http://www.maidbeyondcleaning.com/,5.0,143,False,False,226,15
Cleaning Revolution,"2151 NJ-38, Cherry Hill Township, NJ 08002, USA",(856) 856-2599,,,http://cleaningrevolution.com/,4.4,101,False,True,4546,13
Duran's LANDSCAPING LLC,"4832 N Hope St, Philadelphia, PA 19120, USA",(267) 970-1289,,,http://duranlandscapingllc.com/,4.9,40,False,False,122,13
C&P Landscaping,"31 Sunset Ln, Levittown, PA 19055, USA",(215) 588-8031,,,http://www.candplandscaping.com/,4.9,49,False,True,1408,12
Shine Maid Pro,"54 E 2nd St, Moorestown, NJ 08057, USA",(856) 870-7543,,,https://shinemaidpro.com/,5.0,12,True,False,0,11
Frada Landscaping LLC: Delaware hardscaping Paver experts,"4 Peddlers Row Unit # 178, Newark, DE 19702, USA",(302) 444-1033,,,https://fradalandscapingllc.com/,5.0,78,True,False,125,10
A&Y Landscaping and Tree Services LLC,"3240 Bristol Rd Unit A, Chalfont, PA 18914, USA",(267) 843-8599,,,https://www.aylandscapingservicesllc.com/,4.7,210,True,False,125,10
Whitehouse Landscaping,"73 Airport Rd, Pottstown, PA 19464, USA",(484) 300-4290,,,https://www.whitehouselandscaping.com/,4.9,67,True,False,146,10
Elder Landscaping LLC,"728 Thorndale Rd, Aldan, PA 19018, USA",(215) 909-1420,,,,4.9,96,False,False,0,10
Clean Peak Landscaping,"1009 Squires Dr, West Chester, PA 19382, USA",(484) 401-5064,,,https://cleanpeaklandscaping.com/,5.0,212,True,False,1084,10
MARTINEZ LANDSCAPING & TREE SERVICES,"219 Minquadale Blvd, New Castle, DE 19720, USA",(302) 213-0549,,,,4.9,185,False,False,0,10
Strate Landscaping,"140 Blackwood-Barnsboro Rd, Sewell, NJ 08080, USA",(609) 280-1526,,,,5.0,18,False,False,0,10
AGM landscaping,"Chester, PA 19013, USA",(484) 378-6432,,,,4.9,40,False,False,0,10
Pazeto Maids Cleaning Service,"111 Buck Rd #200, Huntingdon Valley, PA 19006, USA",(267) 235-4244,,,,4.5,62,False,False,0,10
Martinez House Cleaning LLC,"362 Rusling St, Trenton, NJ 08611, USA",(914) 334-9606,,,,5.0,4,False,False,0,10
Sparkle House Cleaning Philadelphia,"235 S 18th St, Philadelphia, PA 19103, USA",,,,,5.0,2,False,False,0,10
Francesca cleaning service LLC,"403 Latona Ave, Ewing Township, NJ 08618, USA",(609) 203-1643,,,,5.0,21,False,False,0,10
MAYRA CLEANING SERVICE LLC,"149 Spring Garden St, Riverside, NJ 08075, USA",(609) 515-7045,,,,5.0,3,False,False,0,10
AB Cleaning Services,"392 Bishop Hollow Rd, Newtown Square, PA 19073, USA",(610) 505-8668,,,https://www.aandbhouseclean.com/,4.5,22,True,False,0,10
Beauty Clean Housekeeping LLC,"100 E Glenolden Ave, Glenolden, PA 19036, USA",(484) 340-2374,,,,4.9,153,False,False,0,10
Maldonado Landscaping,"1 Delaware St, St Georges, DE 19733, USA",(302) 420-9749,,,https://maldonadols.com/?utm_source=omg-gbp&utm_medium=webclick,4.9,39,True,False,125,10
Ryan's Green Thumb Landscaping,"6615 Browning Rd, Pennsauken, NJ 08109, USA",(856) 665-3500,,,https://www.ryansgtlandscaping.com/,4.7,122,True,False,125,10
Green Legion Landscaping,"4 Clinton Ln, Evesham, NJ 08053, USA",(856) 834-3918,,,,5.0,11,False,False,0,10
The Maids in Burlington & Camden Counties,"220 N Centre St #1, Merchantville, NJ 08109, USA",(888) 411-6243,,,https://www.maids.com/95/?utm_source=GMB_listing&utm_medium=organic,4.9,22,True,False,1084,10
Merry Maids of West Chester,"951 Paoli Pike, West Chester, PA 19380, USA",(610) 245-1070,,,https://merrymaids.com/home-cleaners-west-chester-pa?utm_source=google&utm_medium=organic&utm_campaign=gmb,4.7,120,True,False,118,10
Evie’s cleaning service LLC,"2820 Olga Ave, Bensalem, PA 19020, USA",(215) 666-2646,,,,5.0,1,False,False,0,10
Elite Cleaning Experts LLC.,"828 Meadowbrook Dr, Huntingdon Valley, PA 19006, USA",,,,,5.0,12,False,False,0,10
XpressMaids House Cleaning Cherry Hill,"112 Haddontowne Ct, Cherry Hill Township, NJ 08034, USA",(856) 389-4608,,,,5.0,1,False,False,0,10
W.D.B. Landscaping Inc,"189 Simons Dr, Morrisville, PA 19067, USA",(215) 488-5751,,,https://www.wdblandscaping.com/,5.0,231,True,False,125,10
Rich's Landscaping Inc,"4 Spring Ln, Pipersville, PA 18947, USA",(215) 766-2575,,,https://www.richslandscapinginc.com/?utm_source=google&utm_medium=organic&utm_campaign=seolocale,5.0,48,True,False,1084,10
Mercer Group Landscaping LLC,"109 Graf Ave, Lawrence Township, NJ 08648, USA",(609) 712-6830,,,https://mercergrouplawns.com/,5.0,77,True,False,0,10
Minger Family Landscaping LLC,"813 Gravel Pike Floor 2, Collegeville, PA 19426, USA",(610) 340-8219,(+1) 100-000-0015;(+1) 119-999-9973;(+1) 130-956-2930;(+1) 150-259-9653;(+1) 177-152-4776;(+1) 177-153-9191;(+1) 360-000-0143;(+1) 610-340-8219;(+1) 639-999-9857;(+1) 699-999-9881;(+1) 800-000-0119;(+1) 819-999-9928;(+1) 870-000-0048;(+1) 897-606-7085;(+1) 999-999-9999,,http://www.mingerfamilylandscaping.com/,5.0,13,False,True,132731,8
Central Jersey Landscaping & Lawn Maintenance Inc.,"2000 Greenwood Ave, Hamilton Township, NJ 08609, USA",(609) 890-0121,(+1) 101-272-7533;(+1) 101-272-7633;(+1) 107-510-6833;(+1) 609-890-0121,,http://www.centraljerseylandscaping.com/,4.7,28,False,True,8052,7
"O'Brien's Landscaping, Hardscaping & Supply","105 NJ-70, Medford, NJ 08055, USA",(609) 817-6592,(+1) 160-946-0505;(+1) 160-952-8423;(+1) 160-981-7659;(+1) 176-100-7688;(+1) 324-140-3979;(+1) 609-817-6592;(+1) 871-838-8671;(+1) 999-999-9999,,http://obrienslandscapingllc.com/,4.9,205,False,True,157046,7
R. P. Keller Landscaping LLC,"811 N Broad St, Woodbury, NJ 08096, USA",(856) 415-0137,(+1) 185-319-0001;(+1) 333-333-3333;(+1) 353-941-9970;(+1) 573-596-3423;(+1) 666-666-6666;(+1) 856-415-0137,,http://www.rpkellerlandscaping.com/,4.7,60,False,True,174148,7
Brady Landscaping LLC,"915 PA-152, Perkasie, PA 18944, USA",(215) 859-3347,(+1) 147-749-9023;(+1) 167-883-3250;(+1) 167-883-3288;(+1) 267-474-9739;(+1) 466-036-3501,,http://bradylandscapingservices.com/,4.9,37,False,True,97090,7
Purified Cleaning,"1529 DeKalb St Unit 129, Norristown, PA 19401, USA",(267) 371-8372,(+1) 172-903-6800;(+1) 173-517-1200;(+1) 173-949-1200;(+1) 174-225-2144;(+1) 174-225-2146;(+1) 174-355-2000;(+1) 174-795-8400;(+1) 174-821-7600;(+1) 174-960-0000;(+1) 175-521-6000;(+1) 175-944-9600;(+1) 176-289-4085;(+1) 267-371-8372;(+1) 450-496-2192;(+1) 500-000-0000;(+1) 788-043-4782,,http://www.purified-cleaning.com/,4.9,60,False,True,252159,7
Four Seasons Total Landscaping,"7339 State Rd., Philadelphia, PA 19136, USA",(215) 624-5408,(+1) 069-999-6948;(+1) 168-655-7731;(+1) 170-000-0762;(+1) 177-101-8881;(+1) 177-101-8882;(+1) 199-999-8092;(+1) 205-272-0988;(+1) 205-493-6319;(+1) 215-624-5408;(+1) 254-535-2419;(+1) 273-564-1289;(+1) 391-979-1905;(+1) 424-997-8669;(+1) 453-486-4378;(+1) 579-999-9237;(+1) 619-439-8671;(+1) 806-838-5705;(+1) 928-833-8191;(+1) 949-999-8092;(+1) 950-000-0476;(+1) 950-000-7629;(+1) 989-999-7711;(+1) 990-000-0095,18d2f96d279149989b95faf0a4b41882@sentry-next.wixpress.com;2062d0a4929b45348643784b5cb39c36@sentry.wixpress.com;5d1795a2db124a268f1e1bd88f503500@sentry.wixpress.com;605a7baede844d278b89dc95ae0a9123@sentry-next.wixpress.com;8eb368c655b84e029ed79ad7a5c1718e@sentry.wixpress.com;office@fstl1992.com,http://www.fstl1992.com/,4.4,202,False,True,645727,6
Beerman and Sons Landscaping,"230 Bells Lake Rd, Turnersville, NJ 08012, USA",(856) 281-4962,(+1) 063-574-2102;(+1) 067-810-1727;(+1) 100-063-6651;(+1) 173-377-1494;(+1) 420-383-7356;(+1) 743-914-7229;(+1) 856-281-4962;(+1) 987-435-3655,w.beermanandsons@gmail.com,http://www.beermanandsons.com/,5.0,118,False,True,64559,5
Seel Brothers Landscaping LLC,"1022 W Germantown Pike E, East Norriton Township, PA 19403, USA",(610) 635-3030,(+1) 086-382-6933;(+1) 088-011-0013;(+1) 101-256-3285;(+1) 107-799-9638;(+1) 128-871-5666;(+1) 170-862-5135;(+1) 170-862-6372;(+1) 170-880-2162;(+1) 170-907-3939;(+1) 173-153-2960;(+1) 173-168-2574;(+1) 173-194-3854;(+1) 173-333-0404;(+1) 173-370-4024;(+1) 173-370-4305;(+1) 173-428-3871;(+1) 174-052-6898;(+1) 174-053-1317;(+1) 174-053-1364;(+1) 174-438-2664;(+1) 175-511-1735;(+1) 175-511-1739;(+1) 175-649-3379;(+1) 175-649-6457;(+1) 175-673-1480;(+1) 175-673-2278;(+1) 175-673-3316;(+1) 175-786-3831;(+1) 175-933-1083;(+1) 177-144-1478;(+1) 177-152-9795;(+1) 177-152-9803;(+1) 177-153-2797;(+1) 177-153-2804;(+1) 177-153-2825;(+1) 177-153-2865;(+1) 177-153-2871;(+1) 177-153-2898;(+1) 177-153-2927;(+1) 177-153-2971;(+1) 177-153-2991;(+1) 177-153-2992;(+1) 177-153-3010;(+1) 177-153-3015;(+1) 177-153-3033;(+1) 177-153-3052;(+1) 177-153-3075;(+1) 177-153-3078;(+1) 177-153-3095;(+1) 177-153-3126;(+1) 177-153-3200;(+1) 177-153-3225;(+1) 177-153-3295;(+1) 177-153-3445;(+1) 177-153-3860;(+1) 177-153-3864;(+1) 177-153-3949;(+1) 177-153-4100;(+1) 177-153-4106;(+1) 177-153-4165;(+1) 177-153-4232;(+1) 177-153-5772;(+1) 183-969-8249;(+1) 216-013-5008;(+1) 300-018-7511;(+1) 314-192-5352;(+1) 328-041-0051;(+1) 333-333-3333;(+1) 405-620-3893;(+1) 408-301-0376;(+1) 497-041-4525;(+1) 499-600-9211;(+1) 500-048-3121;(+1) 503-000-1875;(+1) 524-023-8128;(+1) 529-225-7973;(+1) 584-000-2263;(+1) 610-635-3030;(+1) 614-120-5876;(+1) 639-944-1406;(+1) 664-083-0103;(+1) 696-040-7722;(+1) 699-772-6254;(+1) 699-773-1372;(+1) 699-773-4669;(+1) 701-012-5632;(+1) 704-145-2594;(+1) 777-777-7777;(+1) 801-100-1375;(+1) 804-100-5125;(+1) 806-890-0090;(+1) 833-333-3333;(+1) 922-579-7386;(+1) 996-328-7896,user@domain.com,http://www.seelbrotherslandscaping.com/,5.0,20,False,True,480783,5
Reynolds Brother's Landscaping,"5 Spring Ln, West Chester, PA 19382, USA",(610) 883-7206,(+1) 000-099-9999;(+1) 048-960-6523;(+1) 056-876-3717;(+1) 101-914-1004;(+1) 168-347-7890;(+1) 177-152-5069;(+1) 177-152-5070;(+1) 254-535-2419;(+1) 279-630-6597;(+1) 309-786-5384;(+1) 391-979-1905;(+1) 562-360-5564;(+1) 610-883-7206;(+1) 612-077-5244;(+1) 640-108-6353;(+1) 740-006-6558;(+1) 759-955-9548;(+1) 894-131-6268;(+1) 898-088-9637;(+1) 911-675-2577;(+1) 955-110-5491;(+1) 989-999-7711;(+1) 999-999-9999,605a7baede844d278b89dc95ae0a9123@sentry-next.wixpress.com;8c4075d5481d476e945486754f783364@sentry.io;8eb368c655b84e029ed79ad7a5c1718e@sentry.wixpress.com;9a65e97ebe8141fca0c4fd686f70996b@sentry.wixpress.com;c183baa23371454f99f417f6616b724d@sentry.wixpress.com;dd0a55ccb8124b9c9d938e3acf41f8aa@sentry.wixpress.com;info@reynolds-bros.com,http://www.reynolds-bros.com/,4.9,41,False,True,735907,5
Rice Landscaping Inc.,"201 N Sylvania Ave, Jenkintown, PA 19046, USA",(267) 788-5881,(+1) 000-000-0000;(+1) 000-000-7735;(+1) 130-808-7213;(+1) 132-920-3463;(+1) 176-710-5778;(+1) 177-151-6816;(+1) 267-788-5881;(+1) 470-170-3148;(+1) 606-391-6784;(+1) 786-989-3309;(+1) 999-999-9999,ricelawnlandscape@gmail.com,http://ricelandscapinginc.com/,4.8,63,False,True,321160,5
"Bauer Landscaping, Inc.","155 Hill Church Rd, Spring City, PA 19475, USA",(610) 948-3329,(+1) 098-039-2156;(+1) 112-948-5540;(+1) 145-959-2339;(+1) 167-846-8111;(+1) 167-958-3896;(+1) 167-958-5018;(+1) 168-209-9469;(+1) 234-680-3577;(+1) 241-235-9796;(+1) 254-901-9607;(+1) 278-431-3725;(+1) 352-941-1764;(+1) 403-921-5686;(+1) 419-607-8431;(+1) 447-058-8235;(+1) 470-588-2352;(+1) 498-039-2156;(+1) 549-019-6078;(+1) 592-156-8627;(+1) 610-948-3329;(+1) 647-058-8235;(+1) 650-980-3921;(+1) 662-745-0980;(+1) 717-647-0588;(+1) 780-392-1568;(+1) 847-058-8235;(+1) 949-019-6078;(+1) 988-235-2941,office@bauerlandscaping.com,http://bauerlandscaping.com/,4.8,22,False,True,136726,5
Four’s Landscaping LLC,"Somerdale Rd, Somerdale, NJ 08083, USA",(856) 298-3409,(+1) 001-456-0707;(+1) 003-390-6267;(+1) 014-249-0519;(+1) 015-746-9617;(+1) 016-457-9962;(+1) 018-042-1228;(+1) 021-272-7999;(+1) 025-940-0199;(+1) 032-671-3784;(+1) 038-840-9592;(+1) 039-196-0692;(+1) 043-872-0526;(+1) 047-496-2999;(+1) 051-581-9979;(+1) 053-491-9789;(+1) 066-099-0630;(+1) 066-546-0829;(+1) 075-348-9837;(+1) 086-612-9216;(+1) 088-753-0901;(+1) 106-292-4000;(+1) 113-469-0644;(+1) 128-455-9668;(+1) 129-685-0066;(+1) 135-201-1230;(+1) 136-267-9431;(+1) 150-394-9675;(+1) 153-214-4999;(+1) 160-244-9035;(+1) 167-544-9372;(+1) 171-131-0600;(+1) 172-046-9483;(+1) 172-981-9999;(+1) 173-974-0445;(+1) 173-974-0447;(+1) 173-974-0449;(+1) 174-068-0541;(+1) 174-068-0543;(+1) 174-085-5914;(+1) 174-085-5916;(+1) 174-085-5918;(+1) 174-085-5920;(+1) 174-112-1551;(+1) 174-128-4722;(+1) 174-128-4725;(+1) 174-128-4727;(+1) 174-249-5534;(+1) 174-249-5537;(+1) 174-249-5539;(+1) 174-249-5541;(+1) 174-301-9346;(+1) 174-301-9348;(+1) 174-301-9350;(+1) 174-311-2542;(+1) 174-311-2544;(+1) 174-311-2546;(+1) 174-311-2548;(+1) 174-432-0741;(+1) 174-432-0744;(+1) 174-432-0746;(+1) 174-432-0748;(+1) 174-449-3590;(+1) 174-449-3593;(+1) 174-690-5043;(+1) 174-690-5045;(+1) 203-809-0351;(+1) 203-921-0489;(+1) 206-136-0390;(+1) 253-018-9651;(+1) 377-742-0806;(+1) 402-279-9254;(+1) 455-727-9569;(+1) 476-416-4317;(+1) 476-416-4383;(+1) 476-416-4494;(+1) 476-416-4527;(+1) 476-416-4579;(+1) 476-416-5883;(+1) 476-416-5896;(+1) 476-416-6362;(+1) 486-939-1999;(+1) 527-205-9843;(+1) 568-746-0682;(+1) 578-242-0091;(+1) 591-911-5607;(+1) 600-084-5344;(+1) 637-045-8415;(+1) 666-256-0850;(+1) 677-529-0141;(+1) 691-158-9992;(+1) 699-252-9901;(+1) 706-495-0163;(+1) 707-601-0732;(+1) 719-129-9681;(+1) 725-966-9470;(+1) 730-391-0138;(+1) 737-480-0147;(+1) 749-440-8951;(+1) 749-999-9999;(+1) 754-922-9138;(+1) 758-983-9703;(+1) 768-530-9685;(+1) 776-377-0326;(+1) 780-376-9926;(+1) 785-507-0426;(+1) 804-961-0757;(+1) 809-362-9746;(+1) 809-737-9209;(+1) 818-948-9651;(+1) 824-159-0597;(+1) 834-133-0359;(+1) 841-631-9550;(+1) 846-704-8764;(+1) 852-599-0568;(+1) 855-181-9255;(+1) 856-298-3409;(+1) 859-369-0451;(+1) 863-384-0517;(+1) 863-397-0450;(+1) 872-477-0334;(+1) 873-758-0223;(+1) 888-682-0357;(+1) 896-787-9951;(+1) 898-561-0293;(+1) 903-754-9721;(+1) 907-958-9557;(+1) 908-307-0380;(+1) 916-552-0601;(+1) 927-211-0192;(+1) 935-876-0584;(+1) 941-685-4999;(+1) 941-750-9339;(+1) 954-200-9326;(+1) 966-126-0173;(+1) 968-440-0753;(+1) 969-478-0881;(+1) 987-293-8063;(+1) 993-669-0967,fourslandscapingllc@gmail.com,http://fourslandscapingllc.com/,5.0,62,False,True,1031712,5
Clear Reflection Cleaning Service,"220 Moore St, Philadelphia, PA 19148, USA",(877) 334-7691,(+1) 094-861-6600;(+1) 101-037-4423;(+1) 141-029-1973;(+1) 141-029-2214;(+1) 141-237-9595;(+1) 141-238-1143;(+1) 145-004-9264;(+1) 145-004-9268;(+1) 145-188-7496;(+1) 145-189-1481;(+1) 145-197-1541;(+1) 145-222-8679;(+1) 145-222-8749;(+1) 145-369-7764;(+1) 145-369-7940;(+1) 145-369-8004;(+1) 145-369-8644;(+1) 149-987-5864;(+1) 150-308-6999;(+1) 154-031-4640;(+1) 154-266-9569;(+1) 159-535-1054;(+1) 159-537-7374;(+1) 159-542-4115;(+1) 159-542-4255;(+1) 159-562-0426;(+1) 174-680-7773;(+1) 177-550-9000;(+1) 190-476-1904;(+1) 211-068-3852;(+1) 214-285-7142;(+1) 295-774-6478;(+1) 295-776-3671;(+1) 314-192-5352;(+1) 333-333-3333;(+1) 482-142-8571;(+1) 486-166-0079;(+1) 511-904-7619;(+1) 526-066-3507;(+1) 526-069-6411;(+1) 547-619-0476;(+1) 565-476-1904;(+1) 628-458-4980;(+1) 666-666-6666;(+1) 806-890-0090;(+1) 837-837-8378;(+1) 845-849-8023;(+1) 877-334-7691;(+1) 878-378-3783,info@clearreflectioncleaning.com;user@domain.com,http://www.clearreflectioncleaning.com/,5.0,19,False,True,83513,5
Domenic's Cleaning Service,"715 S 3rd St, Philadelphia, PA 19147, USA",(610) 803-9209,(+1) 174-622-6244;(+1) 174-622-6249;(+1) 174-622-6269;(+1) 255-847-7182;(+1) 555-555-5555;(+1) 610-803-9209;(+1) 656-174-6865;(+1) 657-272-6977;(+1) 671-615-5125;(+1) 731-002-5549;(+1) 769-124-4884;(+1) 821-749-3193,domenicscleaning@gmail.com;email@website.com,http://domenicscleaning.b12sites.com/,5.0,21,False,True,358595,5
Solid Rock Landscaping LLC,"1005 Old Airport Rd, Douglassville, PA 19518, USA",(484) 390-4782,(+1) 000-099-9999;(+1) 177-134-5182;(+1) 177-134-5184;(+1) 205-493-6319;(+1) 254-535-2419;(+1) 309-786-5384;(+1) 309-999-9427;(+1) 391-979-1905;(+1) 453-486-4378;(+1) 460-081-4554;(+1) 484-390-4782;(+1) 505-314-4538;(+1) 552-954-5231;(+1) 590-000-1525;(+1) 644-121-8475;(+1) 734-023-2465;(+1) 735-460-9574;(+1) 737-108-4999;(+1) 740-006-6558;(+1) 760-158-2008;(+1) 928-833-8191;(+1) 949-999-8092;(+1) 973-190-0115;(+1) 989-999-7711;(+1) 990-000-0095;(+1) 999-999-9999,2062d0a4929b45348643784b5cb39c36@sentry.wixpress.com;271e9fa3230b4eec94b02bf95780f5f2@sentry.wixpress.com;460ff4620fa44cba8df530afde949785@sentry.wixpress.com;605a7baede844d278b89dc95ae0a9123@sentry-next.wixpress.com;8c4075d5481d476e945486754f783364@sentry.io;8eb368c655b84e029ed79ad7a5c1718e@sentry.wixpress.com;9a65e97ebe8141fca0c4fd686f70996b@sentry.wixpress.com;c183baa23371454f99f417f6616b724d@sentry.wixpress.com;dd0a55ccb8124b9c9d938e3acf41f8aa@sentry.wixpress.com;ed436f5053144538958ad06a5005e99a@sentry.wixpress.com,http://solidrockland.com/,4.9,80,False,True,842772,5
"SMG Landscaping Services, LLC","1280 Whitehall Rd, Williamstown, NJ 08094, USA",(609) 313-2900,(+1) 105-378-0250;(+1) 282-429-9059;(+1) 333-333-3333;(+1) 609-313-2900;(+1) 849-308-4938;(+1) 849-308-4945,filler@godaddy.com;micah@micahrich.com;smglandscapingservice@gmail.com,http://www.smglandscapingservice.com/,5.0,29,False,True,136107,5
Paz Landscaping & Services Inc,"868 Durham Rd, Langhorne, PA 19047, USA",(267) 274-8515,(+1) 000-000-0000;(+1) 000-000-8180;(+1) 081-426-1746;(+1) 123-456-2602;(+1) 138-256-3710;(+1) 175-158-7200;(+1) 175-703-0400;(+1) 175-772-1600;(+1) 175-970-8800;(+1) 175-988-1600;(+1) 175-996-8000;(+1) 176-005-4400;(+1) 176-247-3600;(+1) 177-025-3637;(+1) 177-031-3462;(+1) 212-707-5195;(+1) 214-802-8921;(+1) 215-802-9987;(+1) 267-274-8515;(+1) 305-391-4031;(+1) 309-545-8623;(+1) 355-335-9505;(+1) 399-999-9999;(+1) 476-766-1094;(+1) 665-527-3437;(+1) 666-666-6666;(+1) 666-667-4245;(+1) 686-492-9199;(+1) 766-021-2224;(+1) 788-266-9000;(+1) 789-181-4410;(+1) 911-408-8561;(+1) 984-256-2006;(+1) 999-999-1118,paz.landscapingservices@yahoo.com,http://www.pazlandscapingservices.com/,4.9,53,False,True,1890308,5
Moyers Landscaping,"335 Tanyard Rd #1023, Richboro, PA 18954, USA",(267) 560-2596,(+1) 151-681-3554;(+1) 202-507-2903;(+1) 229-102-1671;(+1) 333-333-3333;(+1) 555-258-4056;(+1) 666-666-6666,kevin@moyerslandscapes.com;micah@micahrich.com,http://www.moyerslandscapes.com/,5.0,134,False,True,144971,5
Star Cleaning Services,"6 Willow Ln, Collegeville, PA 19426, USA",(484) 797-7757,(+1) 000-099-9999;(+1) 177-096-9301;(+1) 177-096-9302;(+1) 254-535-2419;(+1) 299-215-2640;(+1) 309-786-5384;(+1) 391-979-1905;(+1) 468-826-6334;(+1) 484-797-7757;(+1) 605-618-8046;(+1) 649-999-9999;(+1) 740-006-6558;(+1) 926-236-0390;(+1) 990-902-9751;(+1) 999-999-9999,605a7baede844d278b89dc95ae0a9123@sentry-next.wixpress.com;79baaa8e09c746d2b7401643b99792e0@sentry.wixpress.com;8eb368c655b84e029ed79ad7a5c1718e@sentry.wixpress.com;c183baa23371454f99f417f6616b724d@sentry.wixpress.com;dd0a55ccb8124b9c9d938e3acf41f8aa@sentry.wixpress.com;starcleaningservicemx@gmail.com,http://starcleaningelite.com/,4.9,25,False,True,647702,5
Lucy's house cleaning LLC,"Meadow Woods Ln, Lawrence Township, NJ 08648, USA",(609) 801-7689,(+1) 005-211-3543;(+1) 031-956-6068;(+1) 075-684-4694;(+1) 083-214-7598;(+1) 100-090-3121;(+1) 103-371-4479;(+1) 105-683-9232;(+1) 166-336-6072;(+1) 177-153-9196;(+1) 180-609-9196;(+1) 209-451-3638;(+1) 219-994-5254;(+1) 222-039-1788;(+1) 233-508-7917;(+1) 257-989-1418;(+1) 260-439-5969;(+1) 297-160-2310;(+1) 298-059-8584;(+1) 299-118-7964;(+1) 323-297-3642;(+1) 345-600-0000;(+1) 419-859-4033;(+1) 420-709-4546;(+1) 485-294-6206;(+1) 503-767-3873;(+1) 543-747-7564;(+1) 546-165-5349;(+1) 577-953-0704;(+1) 613-890-6278;(+1) 622-414-7769;(+1) 633-085-7723;(+1) 642-723-7386;(+1) 652-322-1692;(+1) 658-228-5731;(+1) 716-957-8776;(+1) 760-870-2910;(+1) 760-870-2911;(+1) 777-789-5051;(+1) 787-040-4992;(+1) 794-138-5713;(+1) 832-124-3645;(+1) 866-666-6666;(+1) 883-758-0051;(+1) 914-306-0878;(+1) 924-449-6822,,https://www.facebook.com/profile.php?id=100090312194748&mibextid=ZbWKwL,5.0,8,True,True,515954,5
Keep It Clean With Raylene,"2972 Richmond St, Philadelphia, PA 19134, USA",(215) 203-8688,(+1) 057-256-6788;(+1) 058-823-5294;(+1) 090-196-0784;(+1) 108-898-2483;(+1) 156-589-0290;(+1) 164-705-8823;(+1) 174-898-4315;(+1) 174-898-5072;(+1) 174-905-3526;(+1) 174-905-3530;(+1) 175-079-1815;(+1) 175-079-2053;(+1) 175-079-2767;(+1) 175-253-7600;(+1) 175-366-0800;(+1) 175-383-3600;(+1) 175-564-8000;(+1) 175-763-5200;(+1) 175-919-0400;(+1) 175-949-4222;(+1) 176-178-2400;(+1) 176-204-1600;(+1) 176-247-3600;(+1) 176-252-2488;(+1) 177-134-8733;(+1) 177-134-8734;(+1) 215-203-8688;(+1) 980-368-8793,info@keepitcleanwithraylene.com,http://keepitcleanwithraylene.com/,4.9,77,False,True,237443,5
DM Cleaning Company,"3001 US-130, Delran, NJ 08075, USA",(856) 492-5626,(+1) 000-099-9999;(+1) 012-860-5999;(+1) 077-372-9713;(+1) 134-761-9589;(+1) 149-985-9556;(+1) 155-544-4689;(+1) 156-381-3116;(+1) 156-381-3900;(+1) 156-381-4684;(+1) 166-129-9444;(+1) 168-935-8497;(+1) 169-304-5250;(+1) 169-673-2003;(+1) 176-919-2934;(+1) 177-153-6335;(+1) 177-153-6336;(+1) 214-748-3648;(+1) 244-566-5856;(+1) 254-535-2419;(+1) 309-786-5384;(+1) 391-979-1905;(+1) 506-419-2918;(+1) 845-461-1560;(+1) 848-282-9130;(+1) 853-885-8447;(+1) 856-492-5626;(+1) 949-820-4176;(+1) 965-363-0999;(+1) 999-999-9999,605a7baede844d278b89dc95ae0a9123@sentry-next.wixpress.com;8c4075d5481d476e945486754f783364@sentry.io;8eb368c655b84e029ed79ad7a5c1718e@sentry.wixpress.com;c183baa23371454f99f417f6616b724d@sentry.wixpress.com;contact@dmcleanco.com;dd0a55ccb8124b9c9d938e3acf41f8aa@sentry.wixpress.com;email@example.com,http://www.dmcleanco.com/,5.0,21,False,True,780391,5
RODRIGUEZ CLEANING,"5107 Oxford Ave, Philadelphia, PA 19124, USA",(267) 283-5429,(+1) 000-099-9999;(+1) 000-232-2587;(+1) 022-333-7494;(+1) 035-294-1176;(+1) 054-901-9607;(+1) 100-129-5879;(+1) 103-022-1948;(+1) 104-840-9700;(+1) 119-526-0663;(+1) 124-726-2756;(+1) 135-248-5669;(+1) 137-116-2041;(+1) 148-739-4301;(+1) 171-103-0289;(+1) 177-153-9194;(+1) 177-153-9195;(+1) 197-267-1450;(+1) 201-596-0785;(+1) 209-277-2116;(+1) 210-007-2590;(+1) 217-447-1328;(+1) 220-968-0121;(+1) 227-427-2037;(+1) 230-519-5801;(+1) 235-214-1355;(+1) 249-564-9642;(+1) 250-036-1823;(+1) 250-938-8397;(+1) 254-535-2419;(+1) 264-603-6914;(+1) 267-283-5429;(+1) 309-786-5384;(+1) 329-999-9237;(+1) 337-257-8893;(+1) 353-738-9287;(+1) 357-133-3135;(+1) 381-187-5440;(+1) 390-080-9617;(+1) 391-979-1905;(+1) 478-431-3725;(+1) 479-106-7871;(+1) 521-568-6274;(+1) 601-207-7207;(+1) 740-006-6558;(+1) 827-450-9803;(+1) 844-285-0362;(+1) 870-588-2352;(+1) 990-000-0095;(+1) 999-999-9999,605a7baede844d278b89dc95ae0a9123@sentry-next.wixpress.com;78f7996315bc402f9dcb8a2f974b82d1@sentry.wixpress.com;8c4075d5481d476e945486754f783364@sentry.io;9a65e97ebe8141fca0c4fd686f70996b@sentry.wixpress.com;c183baa23371454f99f417f6616b724d@sentry.wixpress.com;d1bbe4458f884c6ba40890087b9ca2f9@sentry.wixpress.com;dd0a55ccb8124b9c9d938e3acf41f8aa@sentry.wixpress.com;example@mysite.com;f40a036b055640d1bcedf51ca04aa73a@sentry.wixpress.com;rodriguezcleaningteam@gmail.com,http://www.rodriguezcleaning.net/,4.9,50,False,True,1300523,5
Crystal Clear Cleaning Service by Mary Virola,"1503 Veale Rd, Wilmington, DE 19810, USA",(302) 482-9839,(+1) 102-828-8751;(+1) 177-108-2559;(+1) 225-887-9400;(+1) 254-535-2419;(+1) 302-438-6522;(+1) 302-482-9839;(+1) 321-082-5851;(+1) 391-979-1905;(+1) 453-486-4378;(+1) 524-819-9482;(+1) 612-308-9219;(+1) 647-708-8205;(+1) 989-999-7711,2062d0a4929b45348643784b5cb39c36@sentry.wixpress.com;605a7baede844d278b89dc95ae0a9123@sentry-next.wixpress.com,http://www.housecleaningdelaware.net/,5.0,63,False,True,391956,5
MaidPro Sewell,"10 N White Horse Pike b2, Lindenwold, NJ 08021, USA",(856) 956-1600,(+1) 177-153-9196,,https://www.maidpro.com/sewell,4.9,106,True,True,6997,4
MaidPro Newark,"19 Peddlers Vlg, Newark, DE 19702, USA",(302) 766-7500,(+1) 177-153-9197,,https://www.maidpro.com/newark,4.8,200,True,True,6997,4
D C Jefferson Landscaping Inc,"4965 New Rd, New Hope, PA 18938, USA",(267) 255-4577,(+1) 005-211-3543;(+1) 031-956-6068;(+1) 075-684-4694;(+1) 083-214-7598;(+1) 100-063-5503;(+1) 103-371-4479;(+1) 105-683-9232;(+1) 166-336-6072;(+1) 177-153-9192;(+1) 180-609-9192;(+1) 209-451-3638;(+1) 219-994-5254;(+1) 222-039-1788;(+1) 233-508-7917;(+1) 250-100-8657;(+1) 257-989-1418;(+1) 297-160-2310;(+1) 298-059-8584;(+1) 299-118-7964;(+1) 323-297-3642;(+1) 345-600-0000;(+1) 399-743-4416;(+1) 419-859-4033;(+1) 420-709-4546;(+1) 485-294-6206;(+1) 503-767-3873;(+1) 514-789-3573;(+1) 543-747-7564;(+1) 546-165-5349;(+1) 577-953-0704;(+1) 613-890-6278;(+1) 622-414-7769;(+1) 633-085-7723;(+1) 642-723-7386;(+1) 652-322-1692;(+1) 658-228-5731;(+1) 760-870-2894;(+1) 760-870-2895;(+1) 777-789-5051;(+1) 787-040-4992;(+1) 794-138-5713;(+1) 832-124-3645;(+1) 866-666-6666;(+1) 883-758-0051;(+1) 914-306-0878;(+1) 924-449-6822;(+1) 956-471-8696,,https://www.facebook.com/Dcjeffersonlandscaping/,5.0,15,True,True,520748,4
MaidPro Cherry Hill,"10 N White Horse Pike suite a, Lindenwold, NJ 08021, USA",(856) 427-7880,(+1) 177-153-9196,,https://www.maidpro.com/cherryhill,4.8,183,True,True,6988,4
"4 Seasons Landscaping and Lawn Care, LLC","616 Station Ave Store, Haddon Heights, NJ 08035, USA",(856) 534-3553,(+1) 174-483-3010;(+1) 174-483-3012;(+1) 174-483-3013;(+1) 177-016-0190;(+1) 177-016-0470;(+1) 681-551-9415,,https://4seasonslawn.com/,4.8,55,True,True,46307,4
Rickards Landscaping LLC,"285 Nemoral St, Warminster, PA 18974, USA",(267) 981-6532,(+1) 005-211-3543;(+1) 031-956-6068;(+1) 075-684-4694;(+1) 083-214-7598;(+1) 100-063-9373;(+1) 103-371-4479;(+1) 105-683-9232;(+1) 166-336-6072;(+1) 177-153-9191;(+1) 180-609-9191;(+1) 209-451-3638;(+1) 219-994-5254;(+1) 222-039-1788;(+1) 233-508-7917;(+1) 250-100-8657;(+1) 257-989-1418;(+1) 297-160-2310;(+1) 298-059-8584;(+1) 299-118-7964;(+1) 323-297-3642;(+1) 331-149-2694;(+1) 345-600-0000;(+1) 419-859-4033;(+1) 420-709-4546;(+1) 485-294-6206;(+1) 503-767-3873;(+1) 543-747-7564;(+1) 546-165-5349;(+1) 577-953-0704;(+1) 613-890-6278;(+1) 622-414-7769;(+1) 633-085-7723;(+1) 642-723-7386;(+1) 652-322-1692;(+1) 658-228-5731;(+1) 737-181-7449;(+1) 760-870-2890;(+1) 766-775-5748;(+1) 777-789-5051;(+1) 787-040-4992;(+1) 794-138-5713;(+1) 832-124-3645;(+1) 866-666-6666;(+1) 883-758-0051;(+1) 914-306-0878;(+1) 924-449-6822,,https://www.facebook.com/KenRickards.Lawn.Landscaping/,5.0,27,True,True,526349,4
MER General Cleaning Service,"1050 Tyson Ave, Abington, PA 19001, USA",(267) 971-6752,(+1) 267-971-6752;(+1) 366-149-8142;(+1) 858-950-8679;(+1) 935-693-2680,,https://mercleaningservices.com/,5.0,12,True,True,42926,3
Consalvi's Lawn and Landscaping LLC,"506 Winding Way, Exton, PA 19341, USA",(484) 875-9568,(+1) 241-236-0921;(+1) 484-875-9568,,https://consalvislawnandlandscaping.com/?utm_source=GMBlisting&utm_medium=organic,4.7,25,True,True,104590,2
Homeworks,"829 N Lawrence St, Philadelphia, PA 19123, USA",(215) 629-1836,(+1) 129-439-3465;(+1) 155-540-1024;(+1) 155-540-1536;(+1) 155-540-2048;(+1) 171-994-2103;(+1) 172-713-6000;(+1) 172-730-8800;(+1) 172-739-5200;(+1) 172-774-0800;(+1) 174-257-8450;(+1) 174-257-8457;(+1) 174-257-8458;(+1) 174-257-8460;(+1) 174-355-2000;(+1) 174-441-6000;(+1) 174-484-8000;(+1) 174-528-0000;(+1) 174-545-2800;(+1) 176-290-8252;(+1) 177-137-9018;(+1) 177-138-0116;(+1) 215-629-1836,,https://homeworkshousecleaning.com/,4.8,54,True,True,250220,2
☀️Sunshine Clean Pros Residential & Commercial Cleaning,"3501 Black Horse Pike, Turnersville, NJ 08012, USA",(856) 218-5182,(+1) 171-651-1494;(+1) 171-703-5774;(+1) 173-013-1282;(+1) 175-705-8985;(+1) 175-753-7198;(+1) 175-753-7471;(+1) 177-048-5478;(+1) 298-332-1586;(+1) 571-428-5714;(+1) 714-285-7142;(+1) 782-164-3431;(+1) 785-714-2857;(+1) 856-218-5182;(+1) 857-142-8571;(+1) 878-551-1398;(+1) 892-857-1428;(+1) 928-571-4285,,https://sunshinecleanpros.com/?utm_source=google&utm_medium=organic&utm_campaign=gmb,4.8,392,True,True,162533,2
Tania Cleaning Service,"163 Sproul Rd, Malvern, PA 19355, USA",(412) 474-0883,(+1) 176-838-4560;(+1) 176-838-4561;(+1) 412-474-0883,,https://cleaningservicemalvern.com/,4.7,16,True,True,178142,2
Molly Maid of Valley Forge,"1223 W Main St, Norristown, PA 19401, USA",(484) 662-4285,(+1) 027-590-0000;(+1) 149-019-6078;(+1) 150-424-1093;(+1) 211-430-0000;(+1) 215-090-0000;(+1) 247-560-0000;(+1) 278-810-0000;(+1) 280-030-0000;(+1) 333-333-3333;(+1) 484-662-4285;(+1) 591-310-0000;(+1) 666-666-6667;(+1) 967-530-0000;(+1) 999-999-9999,,https://www.mollymaid.com/locations/pennsylvania/phoenixville/,4.8,607,True,True,590146,2
The Cleaning Authority - Cherry Hill,"1872 Greentree Rd, Cherry Hill Township, NJ 08003, USA",(609) 833-2000,(+1) 000-000-0000;(+1) 148-214-1839;(+1) 201-215-1506;(+1) 201-215-1509;(+1) 201-215-1510;(+1) 201-215-1513;(+1) 210-121-0910;(+1) 210-208-0931;(+1) 210-208-0932;(+1) 210-208-0933;(+1) 210-208-0934;(+1) 210-419-1057;(+1) 210-526-1112;(+1) 210-714-1540;(+1) 220-201-1543;(+1) 230-118-1555;(+1) 230-612-0847;(+1) 240-917-0816;(+1) 250-220-0938;(+1) 250-220-1302;(+1) 251-104-1304;(+1) 251-126-0709;(+1) 260-204-1045;(+1) 260-213-0938;(+1) 346-321-9574;(+1) 609-465-5803,,https://www.thecleaningauthority.com/cherry-hill,4.9,73,True,True,113097,2
Cleanzen Philadelphia Cleaning Services,"399 Market St #360, Philadelphia, PA 19106, USA",(215) 882-8046,(+1) 058-585-7205;(+1) 103-642-1227;(+1) 108-313-7009;(+1) 149-024-9482;(+1) 159-223-1066;(+1) 167-016-6692;(+1) 215-882-8046;(+1) 433-036-3333;(+1) 855-594-1936;(+1) 950-655-4793,,https://cleanzen.com/philadelphia,4.7,327,True,True,117881,2
Bates Landscaping,"705 St Marys St, Phoenixville, PA 19460, USA",(484) 887-8678,(+1) 050-198-8477;(+1) 137-854-1714;(+1) 142-857-1428;(+1) 143-000-0000;(+1) 155-197-9932;(+1) 161-159-0479;(+1) 170-750-4178;(+1) 171-074-6032;(+1) 171-075-5258;(+1) 171-076-7673;(+1) 171-082-6529;(+1) 171-083-3391;(+1) 171-083-4641;(+1) 171-084-0679;(+1) 171-084-4165;(+1) 171-084-6768;(+1) 171-085-3652;(+1) 171-085-4231;(+1) 171-085-5492;(+1) 171-085-6777;(+1) 171-086-4603;(+1) 171-091-9820;(+1) 171-109-1564;(+1) 171-109-1582;(+1) 171-110-1024;(+1) 171-213-9263;(+1) 171-214-2419;(+1) 171-214-2569;(+1) 171-214-2704;(+1) 171-214-2792;(+1) 171-214-3190;(+1) 171-214-5281;(+1) 171-214-7010;(+1) 171-215-3290;(+1) 171-215-6512;(+1) 171-215-7155;(+1) 171-216-2838;(+1) 171-216-3020;(+1) 171-216-3654;(+1) 171-216-3966;(+1) 171-221-2879;(+1) 171-222-2418;(+1) 171-344-2019;(+1) 172-235-1965;(+1) 172-503-3330;(+1) 175-552-3742;(+1) 176-356-0043;(+1) 176-356-0044;(+1) 177-012-8531;(+1) 177-012-8535;(+1) 199-999-9999;(+1) 214-285-7142;(+1) 311-864-3178;(+1) 484-887-8678;(+1) 529-229-2240;(+1) 571-428-5714;(+1) 714-285-7142;(+1) 857-142-8571;(+1) 888-200-1229,,https://bateslandscaping.co/,4.8,103,True,True,336148,2
P&M Lawn and Landscaping,"1014 S Market St, Wilmington, DE 19801, USA",(302) 533-8873,(+1) 302-533-8873;(+1) 383-266-1024;(+1) 593-723-5048,,https://www.pmlawnandlandscaping.com/,4.9,39,True,True,83553,2
Clean Cuts Landscaping Services LLC,"1001 N Delsea Dr, Clayton, NJ 08312, USA",(856) 308-2053,(+1) 265-335-5961;(+1) 333-333-3333;(+1) 666-666-6666;(+1) 856-308-2053,,https://wecleancuts.com/,4.8,61,True,True,115406,2
M and D Landscaping,"649 Fox Run Rd, Deptford, NJ 08096, USA",(856) 228-2247,(+1) 452-902-6248;(+1) 856-228-2247,,https://manddlandscaping.net/,4.8,30,True,True,56048,2
Foraker Landscaping Inc,"1768 W Highland Ave, Langhorne, PA 19047, USA",(215) 946-4691,(+1) 101-920-3816;(+1) 104-406-4233;(+1) 105-440-4012;(+1) 109-359-8385;(+1) 116-280-2454;(+1) 152-209-6589;(+1) 152-209-6622;(+1) 152-209-6649;(+1) 155-604-2920;(+1) 157-298-6480;(+1) 163-602-3493;(+1) 166-871-3262;(+1) 170-644-9226;(+1) 170-666-2173;(+1) 170-767-9378;(+1) 170-768-5998;(+1) 170-944-0376;(+1) 171-001-1160;(+1) 171-078-1746;(+1) 171-119-5292;(+1) 171-288-2943;(+1) 171-345-8300;(+1) 171-346-9039;(+1) 171-511-3637;(+1) 171-529-2761;(+1) 172-254-9557;(+1) 172-548-0841;(+1) 172-570-8821;(+1) 172-919-5606;(+1) 172-962-6980;(+1) 172-980-1450;(+1) 173-101-1698;(+1) 178-251-4915;(+1) 179-000-3447;(+1) 179-338-8710;(+1) 179-444-5166;(+1) 179-537-4103;(+1) 180-008-2646;(+1) 180-011-6978;(+1) 180-015-6243;(+1) 180-047-3893;(+1) 180-094-6813;(+1) 180-097-3407;(+1) 180-105-7073;(+1) 180-201-8831;(+1) 180-214-6964;(+1) 180-450-8691;(+1) 180-454-0787;(+1) 180-612-4210;(+1) 180-938-2027;(+1) 181-058-5602;(+1) 182-509-9404;(+1) 182-811-3182;(+1) 182-820-5601;(+1) 182-864-4023;(+1) 182-867-7443;(+1) 182-921-3470;(+1) 182-928-0391;(+1) 182-930-6168;(+1) 182-949-4940;(+1) 215-946-4691;(+1) 339-337-3358;(+1) 357-666-8179;(+1) 371-008-5491;(+1) 379-088-5939;(+1) 379-511-8639;(+1) 387-531-2108;(+1) 417-364-2978;(+1) 426-702-3667;(+1) 548-471-2353;(+1) 574-173-5904;(+1) 582-260-9802;(+1) 606-906-0990;(+1) 617-946-0786;(+1) 694-794-7095;(+1) 716-866-0587;(+1) 728-498-4197;(+1) 729-675-9764;(+1) 754-801-9239;(+1) 770-743-5726;(+1) 772-246-6016;(+1) 775-152-6876;(+1) 849-231-8294;(+1) 878-012-6008;(+1) 883-012-1079;(+1) 892-814-5927;(+1) 899-245-3749;(+1) 899-648-3660;(+1) 999-999-9999,,https://forakerlandscaping.net/,4.7,84,True,True,201149,2
Garcia General Landscaping and Services,"Nottingham Way, Hamilton Township, NJ 08690, USA",(609) 665-4545,(+1) 998-729-9878;(+1) 998-729-9894,,https://garciagenerallandscaping.com/,4.9,51,True,True,127575,2
Maria Andrade Cleaning Services,"3815 Royal Ave, Pennsauken, NJ 08110, USA",(609) 643-3476,(+1) 114-104-2335;(+1) 609-643-3476,mariaandradecleaning@gmail.com,https://cleaningmariaandrade.com/,5.0,163,True,True,5316,2
American Dream Cleaning Service,"41 University Dr #400, Newtown, PA 18940, USA",(609) 668-8741,(+1) 100-088-3647;(+1) 171-505-5496;(+1) 174-223-0670;(+1) 176-590-2351;(+1) 176-910-1155;(+1) 177-134-6835;(+1) 177-134-6836;(+1) 177-143-2598;(+1) 609-668-8741,,https://adreamcleaning.com/,5.0,20,True,True,171662,2
Simoes Cleaning,"1346 Kerper St, Philadelphia, PA 19111, USA",(267) 248-6231,(+1) 070-588-2353;(+1) 101-960-7843;(+1) 173-490-9049;(+1) 176-352-1375;(+1) 267-248-6231;(+1) 501-960-7843;(+1) 999-999-9999,contact@simoescleaning.com,https://simoescleaning.com/,5.0,8,True,True,707295,1
Amora’s Cleaning Services,"95 Tenby Chase Dr, Delran, NJ 08075, USA",(215) 960-5978,(+1) 174-742-3444;(+1) 176-286-6402;(+1) 215-960-5978;(+1) 267-616-2225;(+1) 493-020-1181;(+1) 493-020-1182,vanessaamoracabral@gmail.com,https://amorascleaningservices.com/,5.0,13,True,True,199867,1
Gerhart's Landscaping Services,"4519 Bethlehem Pike, Telford, PA 18969, USA",(215) 309-8476,(+1) 100-063-5937;(+1) 110-670-0349;(+1) 144-933-9278;(+1) 177-134-5128;(+1) 177-134-5130;(+1) 215-309-8476;(+1) 254-535-2419;(+1) 267-244-2176;(+1) 391-979-1905;(+1) 453-486-4378;(+1) 518-159-0734;(+1) 599-999-9999;(+1) 698-478-0028;(+1) 826-071-0226;(+1) 900-900-9009;(+1) 929-922-9844;(+1) 964-160-8109;(+1) 980-552-9650;(+1) 985-739-5716,2062d0a4929b45348643784b5cb39c36@sentry.wixpress.com;605a7baede844d278b89dc95ae0a9123@sentry-next.wixpress.com;8eb368c655b84e029ed79ad7a5c1718e@sentry.wixpress.com,https://www.gerhartslandscaping.com/,4.9,35,True,True,779337,0
Zac’s Landscaping,"200 Grant Ave, Somerdale, NJ 08083, USA",(856) 316-2286,(+1) 856-316-2286,info@zacslandscaping.com,https://zacslandscaping.com/,4.8,56,True,True,27891,0
Bear Landscaping,"8105 Gladstone Rd, Wyndmoor, PA 19038, USA",(215) 892-5399,(+1) 017-157-4665;(+1) 045-276-5025;(+1) 051-829-8094;(+1) 172-667-3789;(+1) 177-137-4355;(+1) 177-137-4377;(+1) 177-137-4378;(+1) 177-137-4379;(+1) 215-892-5399;(+1) 217-618-7210;(+1) 218-473-5405;(+1) 219-073-5405;(+1) 234-825-9235;(+1) 300-520-7873;(+1) 319-497-6500;(+1) 353-823-2181;(+1) 385-210-0243;(+1) 399-621-7600;(+1) 548-666-3330;(+1) 548-666-7879;(+1) 548-667-8976;(+1) 578-859-6020;(+1) 670-134-6891;(+1) 670-134-7191;(+1) 699-507-2010;(+1) 699-507-2110;(+1) 713-344-2670;(+1) 740-372-9258,bearlandscaping@outlook.com,https://bear-landscaping.com/,4.9,47,True,True,654359,0
E&J Landscaping LLC,"31 Upland Rd, Brookhaven, PA 19015, USA",(484) 478-1930,(+1) 168-026-6507;(+1) 249-401-2138;(+1) 444-823-7500;(+1) 484-478-1930;(+1) 572-027-0772;(+1) 662-057-0743;(+1) 933-701-7568,info@eandjlandscaping.com,https://www.eandjlandscaping.com/?utm_source=gbp&utm_medium=local,5.0,103,True,True,97781,0
Miller's Landscaping,"235 W Malaga Rd, Williamstown, NJ 08094, USA",(856) 832-7958,(+1) 037-927-1024;(+1) 037-927-1536;(+1) 158-213-7725;(+1) 158-275-7850;(+1) 168-911-6288;(+1) 174-222-8230;(+1) 174-222-8235;(+1) 174-222-8243;(+1) 174-222-8244;(+1) 177-137-3363;(+1) 177-137-3364;(+1) 177-137-3365;(+1) 181-681-8451;(+1) 196-462-6329;(+1) 498-234-1024;(+1) 498-234-1536;(+1) 700-804-8370;(+1) 856-832-7958,jake@millerslandscapingllc.com,https://millerslandscapingllc.com/?utm_campaign=GoogleMyBusiness,4.9,182,True,True,144726,0
L&G landscaping & lawn services llc,"19 Madison Ave, Lindenwold, NJ 08021, USA",,(+1) 174-088-4565;(+1) 185-673-9004;(+1) 463-745-0898;(+1) 856-739-0043,yencisilva@luisguerra.co,https://www.lglandscapingandtreeservice.com/,4.9,112,True,True,218333,0
Marshall Landscaping LLC,"1902 Newport Gap Pike, Wilmington, DE 19808, USA",(302) 454-7838,(+1) 068-220-3205;(+1) 109-783-0489;(+1) 109-793-0489;(+1) 109-803-0489;(+1) 109-813-0489;(+1) 109-823-0489;(+1) 109-833-0489;(+1) 109-843-0489;(+1) 109-853-0489;(+1) 109-863-0489;(+1) 166-094-0251;(+1) 172-044-6653;(+1) 176-349-7401;(+1) 200-853-0491;(+1) 200-863-0491;(+1) 200-873-0491;(+1) 200-883-0491;(+1) 200-893-0491;(+1) 227-043-0487;(+1) 227-053-0487;(+1) 227-063-0487;(+1) 227-073-0487;(+1) 227-083-0487;(+1) 227-093-0487;(+1) 227-103-0487;(+1) 227-113-0487;(+1) 227-123-0487;(+1) 227-133-0487;(+1) 227-143-0487;(+1) 227-153-0487;(+1) 227-163-0487;(+1) 227-173-0487;(+1) 227-183-0487;(+1) 227-193-0487;(+1) 227-203-0487;(+1) 227-213-0487;(+1) 249-453-0490;(+1) 249-463-0490;(+1) 249-473-0490;(+1) 249-483-0490;(+1) 249-493-0490;(+1) 249-503-0490;(+1) 249-513-0490;(+1) 249-523-0490;(+1) 249-533-0490;(+1) 249-543-0490;(+1) 249-553-0490;(+1) 249-563-0490;(+1) 249-573-0490;(+1) 249-583-0490;(+1) 249-593-0490;(+1) 259-443-0490;(+1) 259-453-0490;(+1) 259-463-0490;(+1) 302-454-7838;(+1) 632-075-1240;(+1) 668-343-9381;(+1) 668-345-4438;(+1) 668-345-4448;(+1) 668-345-4459;(+1) 668-345-4474;(+1) 668-403-6903;(+1) 680-146-2343;(+1) 734-701-5715,office@marshalllandscapingllc.com,https://www.marshalllandscapingllc.com/,4.8,231,True,True,98726,0
Union Park Landscaping,"1631 E Ayre St, Wilmington, DE 19804, USA",(302) 757-5496,(+1) 123-456-7890;(+1) 143-150-7415;(+1) 155-861-8666;(+1) 156-351-4227;(+1) 158-992-3188;(+1) 159-241-9044;(+1) 160-024-0644;(+1) 160-060-7687;(+1) 166-922-9847;(+1) 167-999-6947;(+1) 167-999-7253;(+1) 176-350-5201;(+1) 177-066-2514;(+1) 177-144-1478;(+1) 196-377-3471;(+1) 219-275-7911;(+1) 302-757-5496;(+1) 314-192-5352;(+1) 667-815-4496;(+1) 739-153-5499;(+1) 749-406-8718;(+1) 806-890-0090,unionparklandscaping@gmail.com;user@domain.com,https://www.unionparklandscape.com/,4.9,48,True,True,141346,0
R & M Landscaping and Patios,"101 E Gibbsboro Rd Apto 1512, Lindenwold, NJ 08021, USA",(856) 842-4592,(+1) 055-600-1156;(+1) 127-181-3203;(+1) 162-456-6082;(+1) 175-927-7414;(+1) 176-680-2866;(+1) 176-680-2867;(+1) 631-484-0098;(+1) 856-264-8090;(+1) 856-888-4258;(+1) 872-204-4869;(+1) 968-226-3884,info@rmlandscaping.com;info@rmlandscapingandpatios.com,https://rmlandscapingandpatios.com/?utm_source=google&utm_medium=gmb&utm_campaign=seo,5.0,23,True,True,227461,0
Harris Landscaping and Lawn Service,"457 Pleasant Mills Rd, Hammonton, NJ 08037, USA",(609) 668-1943,(+1) 076-923-0769;(+1) 098-039-2156;(+1) 113-457-7352;(+1) 123-582-5589;(+1) 168-269-6591;(+1) 168-321-9952;(+1) 168-356-3859;(+1) 168-814-1844;(+1) 168-814-2363;(+1) 169-056-2633;(+1) 169-056-3474;(+1) 170-991-6679;(+1) 171-021-3869;(+1) 171-021-3893;(+1) 171-025-7720;(+1) 171-039-3773;(+1) 171-043-3185;(+1) 171-043-6809;(+1) 171-043-6866;(+1) 173-644-3882;(+1) 173-708-9172;(+1) 173-804-0801;(+1) 173-807-9790;(+1) 173-813-0275;(+1) 173-813-0282;(+1) 173-882-4759;(+1) 173-924-8946;(+1) 173-928-6902;(+1) 173-950-8000;(+1) 174-011-1830;(+1) 174-011-2471;(+1) 174-015-9625;(+1) 174-179-3994;(+1) 176-404-5582;(+1) 177-153-4418;(+1) 230-769-2307;(+1) 254-901-9607;(+1) 278-431-3725;(+1) 352-941-1764;(+1) 384-615-3846;(+1) 403-921-5686;(+1) 419-607-8431;(+1) 447-058-8235;(+1) 470-588-2352;(+1) 473-396-2890;(+1) 498-039-2156;(+1) 549-019-6078;(+1) 592-156-8627;(+1) 609-668-1943;(+1) 647-058-8235;(+1) 650-980-3921;(+1) 662-745-0980;(+1) 666-666-6666;(+1) 692-307-6923;(+1) 699-778-5233;(+1) 699-778-5236;(+1) 717-647-0588;(+1) 780-392-1568;(+1) 847-058-8235;(+1) 856-366-8902;(+1) 949-019-6078;(+1) 988-235-2941;(+1) 999-999-9999,harrispmllc@gmail.com,https://www.harrisbrotherllc.com/,5.0,46,True,True,279333,0
Jose Landscaping Services LLC,"2535 Nottingham Way, Hamilton Township, NJ 08619, USA",(609) 851-5216,(+1) 174-604-6346;(+1) 174-604-7185;(+1) 424-656-7935;(+1) 609-643-2379;(+1) 609-851-5216,joselandscapingservicellc@gmail.com,https://joselandscapingservicesllc.com/,4.9,57,True,True,321712,0
Borsello Landscaping,"7651 Lancaster Pike, Hockessin, DE 19707, USA",(302) 472-2600,(+1) 065-543-3357;(+1) 065-551-6880;(+1) 100-000-0000;(+1) 110-288-5141;(+1) 130-247-2260;(+1) 142-574-1132;(+1) 147-179-1566;(+1) 148-473-4979;(+1) 173-332-3185;(+1) 174-075-6061;(+1) 174-274-1317;(+1) 174-274-1585;(+1) 174-274-1659;(+1) 174-298-4163;(+1) 174-299-4108;(+1) 174-307-0687;(+1) 174-308-3486;(+1) 174-308-3521;(+1) 174-315-0285;(+1) 174-315-0317;(+1) 174-315-0364;(+1) 174-315-3446;(+1) 174-316-6000;(+1) 174-317-0131;(+1) 174-317-0357;(+1) 174-317-0589;(+1) 174-317-0733;(+1) 174-317-0841;(+1) 174-317-0980;(+1) 174-317-1229;(+1) 174-317-1358;(+1) 174-317-1475;(+1) 174-436-4204;(+1) 174-851-4060;(+1) 175-016-0673;(+1) 176-407-6348;(+1) 176-763-4858;(+1) 176-781-6071;(+1) 177-040-7566;(+1) 177-152-3606;(+1) 222-222-2222;(+1) 251-210-0258;(+1) 265-233-9358;(+1) 302-440-2790;(+1) 302-472-2600;(+1) 302-655-7359;(+1) 348-606-0800;(+1) 385-559-0401;(+1) 423-475-3010;(+1) 457-170-0595;(+1) 484-734-9740;(+1) 574-706-6396;(+1) 854-051-2123,info@borsellolandscaping.com;shannon@borsellolandscaping.com,https://www.borsellolandscaping.com/,4.8,93,True,True,544560,0
DB Cleaning Services,"7002 Beaver Dam Rd, Levittown, PA 19057, USA",(267) 481-8672,(+1) 200-002-0628;(+1) 215-253-6112;(+1) 368-455-6825,info@mydbcleaning.com,https://mydbcleaning.com/?utm_source=gbp&utm_medium=paid_social&utm_campaign=1seo_gbp,4.8,311,True,True,69151,0
"Eldredge Cleaning, LLC","412 N Lewis Rd, Royersford, PA 19468, USA",(267) 369-0438,(+1) 000-000-4440;(+1) 116-630-7151;(+1) 136-027-8937;(+1) 147-484-8000;(+1) 160-139-5196;(+1) 171-346-6473;(+1) 177-079-5913;(+1) 177-079-5917;(+1) 199-065-9803;(+1) 199-999-9999;(+1) 202-511-2520;(+1) 219-902-4166;(+1) 261-616-9452;(+1) 267-369-0438;(+1) 327-433-2154;(+1) 548-943-3000;(+1) 548-946-3999;(+1) 667-236-3281;(+1) 738-438-7911;(+1) 800-000-0000;(+1) 892-098-5006;(+1) 960-736-9691,eldredgecleaning@gmail.com,https://eldredgecleaning.com/,4.8,251,True,True,550095,0
Linda Soto Cleaning,"2540 Nottingham Way, Mercerville, NJ 08619, USA",(609) 433-5356,(+1) 177-134-8148;(+1) 177-134-8149;(+1) 177-134-8150;(+1) 177-137-5944;(+1) 177-149-3923;(+1) 177-149-3924;(+1) 609-433-5356,support@lindasotocleaning.com,https://lindasotocleaning.com/,4.8,177,True,True,213763,0
Polar Express Cleaning,"8105 Gladstone Rd, Glenside, PA 19038, USA",(267) 682-8350,(+1) 052-402-5130;(+1) 173-479-9985;(+1) 174-229-9846;(+1) 174-229-9851;(+1) 174-229-9852;(+1) 174-229-9859;(+1) 177-136-7684;(+1) 177-136-7685;(+1) 177-136-7863;(+1) 267-682-8350;(+1) 619-756-0668;(+1) 652-170-1898,info@polarexpressclean.com,https://www.polarexpressclean.com/,5.0,130,True,True,240859,0
Hometress Cleaning Service,"21 S 11th St #230, Philadelphia, PA 19107, USA",(215) 607-7361,(+1) 004-415-9566;(+1) 012-345-6789;(+1) 029-737-5719;(+1) 034-731-1987;(+1) 155-600-6315;(+1) 155-603-0154;(+1) 155-603-0206;(+1) 155-603-4913;(+1) 155-608-5335;(+1) 155-608-6253;(+1) 155-617-4348;(+1) 155-621-2061;(+1) 157-600-0327;(+1) 160-216-9192;(+1) 160-216-9400;(+1) 160-216-9438;(+1) 160-216-9465;(+1) 160-216-9583;(+1) 160-349-1418;(+1) 160-349-1683;(+1) 160-349-1693;(+1) 160-349-1811;(+1) 160-366-6583;(+1) 160-366-7217;(+1) 160-370-9218;(+1) 160-371-1353;(+1) 160-371-1354;(+1) 160-372-2121;(+1) 160-390-7310;(+1) 160-405-4115;(+1) 160-405-5603;(+1) 160-427-5185;(+1) 160-427-5200;(+1) 160-427-5634;(+1) 160-442-1729;(+1) 160-466-9687;(+1) 160-502-3413;(+1) 160-502-3497;(+1) 160-512-3799;(+1) 160-523-3116;(+1) 160-614-9116;(+1) 160-658-1218;(+1) 160-677-1826;(+1) 160-737-4973;(+1) 160-738-6251;(+1) 160-738-7120;(+1) 160-761-2670;(+1) 160-926-6945;(+1) 161-670-6654;(+1) 161-933-9253;(+1) 161-933-9337;(+1) 161-933-9899;(+1) 161-933-9963;(+1) 161-934-5068;(+1) 161-935-5859;(+1) 161-935-6010;(+1) 162-018-0129;(+1) 162-220-9512;(+1) 162-501-2807;(+1) 162-501-2911;(+1) 162-501-2952;(+1) 162-501-2981;(+1) 162-501-2989;(+1) 162-501-3170;(+1) 162-501-9157;(+1) 162-502-5518;(+1) 162-933-0497;(+1) 162-934-4098;(+1) 163-758-2689;(+1) 163-809-9588;(+1) 163-809-9649;(+1) 163-809-9658;(+1) 163-810-0023;(+1) 163-811-1037;(+1) 164-218-8539;(+1) 164-218-8600;(+1) 164-423-0579;(+1) 164-423-0768;(+1) 164-423-0922;(+1) 164-423-0967;(+1) 165-566-1395;(+1) 165-566-1414;(+1) 167-955-7116;(+1) 167-956-4087;(+1) 167-956-4479;(+1) 167-956-4496;(+1) 167-956-4606;(+1) 167-956-5247;(+1) 168-825-1831;(+1) 168-974-6813;(+1) 168-974-7392;(+1) 168-974-8010;(+1) 168-974-9508;(+1) 168-974-9736;(+1) 168-974-9925;(+1) 168-975-8274;(+1) 173-194-9685;(+1) 173-331-7831;(+1) 173-331-7838;(+1) 173-331-7849;(+1) 173-331-7860;(+1) 173-331-7887;(+1) 173-331-7901;(+1) 173-331-7907;(+1) 173-331-7922;(+1) 173-331-7929;(+1) 173-331-7936;(+1) 173-930-5947;(+1) 176-039-6710;(+1) 177-145-1138;(+1) 215-607-7361;(+1) 345-172-9064;(+1) 391-191-1017;(+1) 441-508-8676;(+1) 481-316-9862;(+1) 483-459-2232;(+1) 483-857-4630;(+1) 642-486-1024;(+1) 642-486-1536;(+1) 642-486-2048;(+1) 680-133-6071;(+1) 699-633-0246;(+1) 699-633-0247;(+1) 699-633-0249;(+1) 699-633-0250;(+1) 699-633-0251;(+1) 699-633-0252;(+1) 699-633-0253;(+1) 699-633-0254;(+1) 699-633-0256;(+1) 699-633-0257;(+1) 892-669-0852;(+1) 951-418-0672;(+1) 954-219-1876;(+1) 959-821-4285;(+1) 999-999-9999,care@hometress.com,https://www.hometress.com/,4.8,591,True,True,379691,0
HAPPY CLEANING SERVICES,"14 Grayson Cir, Willingboro, NJ 08046, USA",(856) 870-0188,(+1) 165-591-1928;(+1) 174-224-5049;(+1) 174-224-5059;(+1) 175-305-6000;(+1) 175-504-3200;(+1) 175-616-6400;(+1) 175-677-1200;(+1) 175-893-1200;(+1) 176-100-4800;(+1) 176-299-2000;(+1) 176-333-7600;(+1) 176-355-7014;(+1) 176-472-0000;(+1) 177-137-0604;(+1) 177-142-0845;(+1) 177-142-0995;(+1) 177-142-1419;(+1) 185-687-0776;(+1) 856-870-0188,happylimpezaservice@gmail.com,https://happycleaningusa.com/,5.0,69,True,True,145466,0
Bright Touch Cleaning,"650 N Cannon Ave Suite 112, Lansdale, PA 19446, USA",(215) 699-5060,(+1) 160-139-5196;(+1) 176-300-3618;(+1) 177-038-6903;(+1) 177-040-8351;(+1) 177-040-8503;(+1) 195-490-4010;(+1) 199-999-9999;(+1) 202-511-2520;(+1) 215-699-5060;(+1) 254-031-7486;(+1) 897-928-7423;(+1) 999-999-9999,info@brighttouchcleaning.net,https://www.brighttouchcleaning.net/,4.9,65,True,True,210516,0
Gift Of Time Cleaning,"Pensdale St, Philadelphia, PA 19127, USA",(267) 436-7807,(+1) 032-679-7385;(+1) 035-947-7124;(+1) 039-215-6862;(+1) 055-555-5555;(+1) 062-091-5032;(+1) 063-157-8947;(+1) 078-431-3725;(+1) 081-699-3464;(+1) 094-771-2418;(+1) 100-095-1294;(+1) 108-055-5555;(+1) 111-111-1111;(+1) 114-379-0849;(+1) 120-915-0326;(+1) 124-183-0065;(+1) 134-146-3414;(+1) 142-194-0943;(+1) 143-790-8496;(+1) 147-058-8235;(+1) 148-336-6774;(+1) 152-751-5673;(+1) 152-874-0561;(+1) 154-260-1906;(+1) 155-255-0049;(+1) 156-316-4232;(+1) 157-880-3203;(+1) 158-433-1248;(+1) 158-462-2650;(+1) 158-652-2471;(+1) 159-896-1038;(+1) 163-051-1954;(+1) 163-333-3333;(+1) 164-166-6666;(+1) 164-250-5172;(+1) 165-275-1207;(+1) 166-666-6666;(+1) 169-934-6405;(+1) 177-074-6831;(+1) 177-074-6843;(+1) 182-926-8292;(+1) 185-806-4516;(+1) 186-274-5098;(+1) 192-810-4575;(+1) 195-121-9512;(+1) 199-346-4052;(+1) 205-882-3529;(+1) 222-222-2222;(+1) 225-490-1960;(+1) 241-830-0653;(+1) 251-633-9869;(+1) 258-169-9346;(+1) 267-436-7807;(+1) 267-973-8562;(+1) 271-241-8300;(+1) 274-509-8039;(+1) 277-777-7777;(+1) 284-313-7254;(+1) 304-878-0487;(+1) 307-189-5424;(+1) 316-993-4640;(+1) 320-261-4379;(+1) 333-333-3333;(+1) 339-869-2810;(+1) 346-405-2287;(+1) 349-673-2026;(+1) 365-853-6585;(+1) 369-281-0457;(+1) 388-888-8888;(+1) 392-156-8627;(+1) 408-496-7320;(+1) 411-764-7058;(+1) 434-640-5228;(+1) 439-024-3902;(+1) 444-444-4444;(+1) 457-516-3398;(+1) 465-968-5863;(+1) 469-208-8858;(+1) 475-609-7560;(+1) 487-804-8780;(+1) 496-732-0261;(+1) 522-875-8169;(+1) 524-390-2439;(+1) 548-780-4878;(+1) 552-287-5816;(+1) 555-555-5555;(+1) 571-895-4248;(+1) 575-163-3986;(+1) 578-431-3725;(+1) 581-699-3464;(+1) 585-365-8536;(+1) 604-575-1633;(+1) 607-843-1372;(+1) 611-111-1111;(+1) 617-647-0588;(+1) 624-183-0065;(+1) 627-450-9803;(+1) 630-718-9542;(+1) 653-594-7712;(+1) 656-862-7450;(+1) 666-666-6666;(+1) 676-470-5882;(+1) 679-738-5620;(+1) 683-006-5359;(+1) 686-274-5098;(+1) 705-882-3529;(+1) 709-150-3267;(+1) 712-418-3006;(+1) 715-686-2745;(+1) 722-222-2222;(+1) 741-830-0653;(+1) 743-902-4390;(+1) 751-633-9869;(+1) 777-777-7777;(+1) 791-578-9473;(+1) 797-385-6209;(+1) 804-878-0487;(+1) 829-268-2926;(+1) 833-333-3333;(+1) 853-658-5365;(+1) 859-477-1241;(+1) 865-853-6585;(+1) 868-327-4021;(+1) 878-048-7804;(+1) 888-888-8888;(+1) 889-679-7153;(+1) 898-692-8104;(+1) 901-960-7843;(+1) 905-129-6194;(+1) 914-634-1463;(+1) 921-568-6274;(+1) 934-640-5228;(+1) 947-712-4183;(+1) 950-980-3921;(+1) 951-219-5121;(+1) 960-784-3137;(+1) 980-392-1568;(+1) 986-928-1045,info@giftoftimecleaningco.com,https://www.giftoftimecleaningco.com/,5.0,34,True,True,166435,0
Visual Landscaping LLC,"22 W Grove St, Pine Hill, NJ 08021, USA",(856) 340-2712,(+1) 856-340-2712,visuallandscapingllc@gmail.com,https://www.visuallandscapingllc.com/,4.9,28,True,True,55856,0
Freshen Your Nest Cleaning Services,"900 NJ-168 STE C4, Blackwood, NJ 08012, USA",(856) 228-2229,(+1) 054-249-6846;(+1) 066-272-2436;(+1) 160-139-5196;(+1) 163-700-8924;(+1) 163-828-4023;(+1) 175-540-0954;(+1) 176-409-4441;(+1) 177-147-2079;(+1) 177-147-2118;(+1) 177-150-9306;(+1) 177-150-9902;(+1) 199-999-9999;(+1) 265-087-0283;(+1) 416-702-3991;(+1) 778-445-3794;(+1) 856-228-2229;(+1) 999-999-9999,service@freshenyournestllc.com,https://freshenyournestcleaning.com/?utm_source=google&utm_medium=organic&utm_campaign=gmb_listing,4.9,226,True,True,180239,0
Delco House Cleaning Service,"230 Sugartown Rd #20, Wayne, PA 19087, USA",(610) 989-2457,(+1) 000-127-0202;(+1) 002-283-1805;(+1) 005-786-6107;(+1) 006-011-8735;(+1) 017-836-7592;(+1) 043-537-0083;(+1) 063-029-1201;(+1) 071-498-3408;(+1) 072-549-9097;(+1) 077-580-9209;(+1) 077-998-2289;(+1) 085-158-1170;(+1) 088-847-2326;(+1) 093-224-1012;(+1) 094-590-3175;(+1) 096-759-7750;(+1) 111-942-1383;(+1) 112-831-4123;(+1) 123-164-1207;(+1) 131-803-1144;(+1) 142-998-6432;(+1) 156-887-5353;(+1) 157-365-1295;(+1) 157-727-1701;(+1) 158-763-3968;(+1) 158-763-4210;(+1) 158-763-4212;(+1) 158-763-4220;(+1) 158-763-4230;(+1) 158-763-4239;(+1) 158-763-4247;(+1) 160-215-4964;(+1) 160-215-5570;(+1) 161-098-9245;(+1) 162-064-2235;(+1) 162-193-7724;(+1) 162-194-7681;(+1) 162-194-9257;(+1) 162-194-9959;(+1) 162-195-0334;(+1) 162-195-1668;(+1) 162-195-1731;(+1) 162-195-2551;(+1) 162-195-4457;(+1) 162-195-4494;(+1) 162-195-4604;(+1) 162-195-4622;(+1) 162-195-4657;(+1) 162-195-4663;(+1) 162-195-4697;(+1) 162-195-4705;(+1) 162-195-4710;(+1) 162-195-4716;(+1) 162-195-5400;(+1) 162-195-5990;(+1) 162-682-3768;(+1) 162-682-3800;(+1) 163-380-5315;(+1) 164-237-0092;(+1) 164-238-4131;(+1) 164-238-4174;(+1) 164-238-4333;(+1) 164-238-4367;(+1) 164-238-4391;(+1) 164-238-4420;(+1) 164-238-4453;(+1) 164-238-5667;(+1) 164-452-0792;(+1) 164-452-0807;(+1) 164-548-9930;(+1) 164-717-3072;(+1) 164-814-5647;(+1) 164-829-9279;(+1) 164-830-0091;(+1) 164-830-0101;(+1) 164-830-0110;(+1) 164-830-0120;(+1) 165-589-4776;(+1) 170-321-1070;(+1) 170-321-1223;(+1) 173-445-7859;(+1) 173-445-8159;(+1) 173-445-8325;(+1) 174-156-7938;(+1) 174-309-7938;(+1) 174-462-7938;(+1) 174-615-7938;(+1) 174-768-7938;(+1) 188-199-1400;(+1) 192-283-1015;(+1) 214-833-5488;(+1) 215-252-1212;(+1) 233-332-3067;(+1) 233-333-1132;(+1) 246-712-1020;(+1) 250-849-1072;(+1) 262-415-4859;(+1) 269-138-1178;(+1) 270-408-1011;(+1) 270-408-1013;(+1) 270-408-1036;(+1) 270-408-1039;(+1) 270-408-1062;(+1) 270-408-1065;(+1) 270-408-1087;(+1) 270-408-1089;(+1) 270-408-1112;(+1) 270-408-1115;(+1) 270-408-1164;(+1) 270-408-1166;(+1) 270-408-1189;(+1) 270-408-1192;(+1) 270-408-1215;(+1) 270-408-1218;(+1) 270-408-1240;(+1) 270-408-1242;(+1) 270-408-1265;(+1) 270-408-1268;(+1) 270-408-1317;(+1) 270-408-1319;(+1) 270-408-1342;(+1) 270-408-1345;(+1) 270-408-1368;(+1) 270-408-1371;(+1) 270-408-1394;(+1) 270-408-1396;(+1) 270-408-1419;(+1) 270-408-1422;(+1) 270-408-1471;(+1) 270-408-1473;(+1) 270-408-1496;(+1) 270-408-1499;(+1) 270-408-1522;(+1) 270-408-1525;(+1) 277-591-1076;(+1) 277-591-1229;(+1) 281-481-1412;(+1) 297-825-1290;(+1) 304-431-1291;(+1) 308-719-1142;(+1) 315-275-3297;(+1) 318-471-3375;(+1) 321-151-5757;(+1) 321-304-5757;(+1) 321-457-5757;(+1) 321-610-5757;(+1) 321-763-5757;(+1) 321-813-7736;(+1) 342-163-7159;(+1) 365-252-0623;(+1) 373-972-1157;(+1) 377-523-1207;(+1) 395-584-6173;(+1) 404-325-3589;(+1) 405-104-8644;(+1) 405-107-5531;(+1) 405-130-5302;(+1) 405-133-2172;(+1) 405-180-8627;(+1) 405-183-5488;(+1) 405-206-5317;(+1) 405-209-2178;(+1) 405-232-1975;(+1) 405-234-8870;(+1) 405-257-8644;(+1) 405-260-5531;(+1) 405-283-5302;(+1) 405-286-2172;(+1) 405-333-8627;(+1) 405-336-5488;(+1) 405-359-5317;(+1) 405-362-2178;(+1) 405-385-1975;(+1) 405-387-8870;(+1) 405-410-8644;(+1) 405-413-5531;(+1) 405-436-5302;(+1) 405-439-2172;(+1) 405-486-8627;(+1) 405-489-5488;(+1) 405-512-5317;(+1) 405-515-2178;(+1) 405-538-1975;(+1) 405-540-8870;(+1) 405-563-8644;(+1) 405-566-5531;(+1) 405-589-5302;(+1) 405-592-2172;(+1) 405-639-8627;(+1) 405-642-5488;(+1) 405-665-5317;(+1) 405-668-2178;(+1) 405-691-1975;(+1) 405-693-8870;(+1) 405-716-8644;(+1) 405-719-5531;(+1) 405-742-5302;(+1) 405-745-2172;(+1) 405-792-8627;(+1) 405-795-5488;(+1) 405-818-5317;(+1) 405-821-2178;(+1) 405-844-1975;(+1) 405-846-8870;(+1) 405-869-8644;(+1) 405-872-5531;(+1) 405-895-5302;(+1) 405-898-2172;(+1) 405-946-8627;(+1) 405-949-5488;(+1) 405-972-5317;(+1) 405-975-2178;(+1) 405-998-1975;(+1) 408-117-6986;(+1) 408-120-3848;(+1) 408-143-3629;(+1) 408-146-0517;(+1) 408-168-0308;(+1) 408-170-7169;(+1) 408-193-6971;(+1) 408-196-3833;(+1) 408-245-0322;(+1) 408-247-7186;(+1) 408-270-6986;(+1) 408-273-3848;(+1) 408-296-3629;(+1) 408-299-0517;(+1) 408-321-0308;(+1) 408-323-7169;(+1) 408-346-6971;(+1) 408-349-3833;(+1) 408-398-0322;(+1) 408-400-7186;(+1) 408-423-6986;(+1) 408-426-3848;(+1) 408-449-3629;(+1) 408-452-0517;(+1) 408-474-0308;(+1) 408-476-7169;(+1) 408-499-6971;(+1) 408-502-3833;(+1) 408-551-0322;(+1) 408-553-7186;(+1) 408-576-6986;(+1) 408-579-3848;(+1) 408-602-3629;(+1) 408-605-0517;(+1) 408-627-0308;(+1) 408-629-7169;(+1) 408-652-6971;(+1) 408-655-3833;(+1) 408-704-0322;(+1) 408-706-7186;(+1) 408-729-6986;(+1) 408-732-3848;(+1) 408-755-3629;(+1) 408-758-0517;(+1) 408-780-0308;(+1) 408-782-7169;(+1) 408-805-6971;(+1) 408-808-3833;(+1) 408-857-0322;(+1) 408-859-7186;(+1) 408-882-6986;(+1) 408-885-3848;(+1) 408-908-3629;(+1) 408-911-0517;(+1) 408-934-0308;(+1) 408-936-7169;(+1) 408-959-6971;(+1) 408-962-3833;(+1) 409-931-1301;(+1) 414-012-7388;(+1) 435-829-0927;(+1) 437-281-1019;(+1) 437-411-7979;(+1) 455-217-1360;(+1) 470-857-1016;(+1) 486-605-6472;(+1) 493-328-1199;(+1) 493-587-3410;(+1) 496-435-1205;(+1) 518-042-1298;(+1) 526-043-1300;(+1) 528-349-2387;(+1) 568-379-0193;(+1) 576-989-1013;(+1) 583-948-3300;(+1) 588-994-5838;(+1) 591-157-8854;(+1) 591-310-8854;(+1) 591-463-8854;(+1) 591-616-8854;(+1) 591-769-8854;(+1) 610-989-2457;(+1) 615-439-1080;(+1) 619-896-4991;(+1) 633-564-4766;(+1) 641-116-1362;(+1) 646-950-7701;(+1) 652-328-3967;(+1) 653-863-8924;(+1) 679-854-1413;(+1) 683-353-7591;(+1) 684-998-0101;(+1) 688-054-1156;(+1) 688-181-1361;(+1) 695-231-1299;(+1) 695-411-9487;(+1) 697-745-1293;(+1) 704-077-1287;(+1) 706-411-1077;(+1) 717-917-2296;(+1) 729-337-2711;(+1) 743-787-1138;(+1) 743-787-1141;(+1) 743-787-1291;(+1) 743-787-1294;(+1) 743-787-1445;(+1) 743-787-1448;(+1) 761-844-2332;(+1) 765-708-1204;(+1) 769-635-1074;(+1) 771-693-1059;(+1) 786-400-8355;(+1) 787-219-3659;(+1) 787-222-0522;(+1) 787-372-3659;(+1) 787-375-0522;(+1) 787-525-3659;(+1) 787-528-0522;(+1) 787-678-3659;(+1) 787-681-0522;(+1) 787-831-3659;(+1) 787-834-0522;(+1) 787-985-3659;(+1) 787-988-0522;(+1) 802-958-4227;(+1) 815-884-1214;(+1) 817-426-1060;(+1) 822-953-7841;(+1) 824-791-1401;(+1) 841-885-0336;(+1) 862-843-1360;(+1) 864-438-7319;(+1) 883-216-1288;(+1) 889-984-4931;(+1) 913-405-1000;(+1) 913-405-1023;(+1) 913-405-1026;(+1) 913-405-1049;(+1) 913-405-1052;(+1) 913-405-1099;(+1) 913-405-1102;(+1) 913-405-1125;(+1) 913-405-1128;(+1) 913-405-1151;(+1) 913-405-1153;(+1) 913-405-1176;(+1) 913-405-1179;(+1) 913-405-1202;(+1) 913-405-1205;(+1) 913-405-1252;(+1) 913-405-1255;(+1) 913-405-1278;(+1) 913-405-1281;(+1) 913-405-1304;(+1) 913-405-1306;(+1) 913-405-1329;(+1) 913-405-1332;(+1) 913-405-1355;(+1) 913-405-1358;(+1) 913-405-1406;(+1) 913-405-1409;(+1) 913-405-1432;(+1) 913-405-1435;(+1) 913-405-1458;(+1) 913-405-1460;(+1) 913-405-1483;(+1) 913-405-1486;(+1) 913-405-1509;(+1) 913-405-1512;(+1) 913-972-1171;(+1) 916-034-1072;(+1) 916-034-1225;(+1) 920-717-1377;(+1) 920-717-1531;(+1) 942-923-8854;(+1) 944-872-1178;(+1) 966-556-9319;(+1) 966-667-1135;(+1) 975-174-1075;(+1) 975-174-1228;(+1) 981-996-6133;(+1) 989-290-6191;(+1) 995-478-0243,care@delcohousecleaningservice.com;donteennis@icloud.com,https://delcohousecleaningservice.com/,4.9,60,True,True,252988,0
Nico's Cleaning Services,"2038 N Front St, Philadelphia, PA 19122, USA",(215) 518-5873,(+1) 121-551-8587;(+1) 172-252-9291;(+1) 172-252-9340;(+1) 172-252-9421;(+1) 172-253-0159;(+1) 172-253-0271;(+1) 172-253-0346;(+1) 172-348-3230;(+1) 172-348-3468;(+1) 172-348-3551;(+1) 215-518-5873;(+1) 462-969-9786,nicoscleaningservices@gmail.com,https://www.nicoscleaning.com/,5.0,86,True,True,111922,0
"April Fresh Cleaning, Inc","26 Spring Lake Dr, Clementon, NJ 08021, USA",(856) 534-6754,(+1) 100-026-6278;(+1) 110-088-2455;(+1) 168-489-2167;(+1) 172-320-3541;(+1) 176-887-0923;(+1) 177-150-6542;(+1) 202-511-2520;(+1) 214-748-3640;(+1) 221-901-2202;(+1) 384-430-6041;(+1) 666-666-6667;(+1) 856-534-6754,aprilfreshnj@yahoo.com,https://aprilfreshcleaningnj.com/?utm_source=google-my-business&utm_medium=organic&utm_campaign=gmb,4.8,103,True,True,262825,0
A&N Loyalty Cleaning Services,"2001 Market St, Philadelphia, PA 19103, USA",(484) 709-1888,(+1) 100-674-2081;(+1) 177-030-8671;(+1) 293-871-7851;(+1) 294-266-8880;(+1) 294-266-8999;(+1) 294-267-0665;(+1) 294-267-0703;(+1) 294-267-1568;(+1) 294-267-3168;(+1) 294-267-5164;(+1) 484-709-1888;(+1) 509-890-1098;(+1) 528-571-4285;(+1) 552-552-5525;(+1) 650-246-3054;(+1) 659-947-4059;(+1) 679-438-0472;(+1) 751-724-1379;(+1) 807-294-8328,info@a-ncleaning.com;support@webador.com,https://www.a-ncleaning.com/,5.0,22,True,True,54849,0
Premium Cleaning,"3501 Masons Mill Rd #402, Huntingdon Valley, PA 19006, USA",(215) 443-0846,(+1) 100-000-2597;(+1) 100-000-2613;(+1) 174-483-6648;(+1) 174-483-6649;(+1) 177-038-7145;(+1) 215-443-0846,heather@premiumcleaning.org,https://www.premiumcleaning.org/?utm_campaign=gmb&utm_medium=gmb&utm_source=organic,5.0,29,True,True,89737,0
Lisa's Cleaning Service,"416 Sicklerville Rd, Sicklerville, NJ 08081, USA",(609) 922-2172,(+1) 000-000-0000;(+1) 177-134-8607;(+1) 177-150-0503;(+1) 177-151-8503;(+1) 609-922-2172,flags@2x.webp;globe@2x.webp,https://lisascleaningservicepros.com/,5.0,39,True,True,205690,0
